{
  "schema_version": 1,
  "artifact_kind": "bbdag_analytic_fit_parameters",
  "note": "Portable evidence for the issue-25 analytic-gradient BB-dagger runs: fitted state parameters (z, alpha), optimizer trace, and results. Raw per-shot samples are NOT stored; they regenerate deterministically via ThreeModeCat.sample_homodyne(grid 3x3x3 over [0,pi), shots=2000, rng=data_seed) at source_commit. exact_state_fidelity and the final NLL recompute from these parameters (verified at write time; regression-tested in tests/test_issue8_results.py).",
  "runs": [
    {
      "data_seed": 42,
      "K": 4,
      "init_seed": 0,
      "iters": 200,
      "learning_rate": 0.05,
      "gradient": "analytic",
      "exact_state_fidelity": 0.9501090587669146,
      "final_training_per_sample_nll": 3.9108368547955177,
      "fit_wall_s": 16.634672077000005,
      "source_commit": "1e49e00a24cb1302de69f2577a064a701878a32e",
      "z_re": [
        1.0979267085399087,
        -0.005007129497771703,
        0.929974385605635,
        0.002834536373638604
      ],
      "z_im": [
        -0.9348472750437647,
        0.005133182286777478,
        -1.1036825318924763,
        -0.0023465958233877754
      ],
      "alpha_re": [
        [
          -1.521679844165203,
          -1.5257002708052545,
          -1.528332593167261
        ],
        [
          -2.3582164679183526,
          -0.5548584881608124,
          -0.07021886381513934
        ],
        [
          1.4759049345969937,
          1.4713721162736146,
          1.4873371861468028
        ],
        [
          1.84645158555128,
          1.5635694230811208,
          -0.3879074075106994
        ]
      ],
      "alpha_im": [
        [
          -0.022752319820165356,
          -0.029265692714204313,
          -0.03288524504742713
        ],
        [
          -0.8526845339396877,
          0.4601969842871564,
          0.6156276838512765
        ],
        [
          -0.02305380009107746,
          -0.035912611974615816,
          -0.03287447676294655
        ],
        [
          -0.06806015130554273,
          0.43208516329336605,
          1.6386914862533812
        ]
      ],
      "trace_iter_nll": [
        [
          25.0,
          4.207891222243665
        ],
        [
          50.0,
          3.9212635303429613
        ],
        [
          75.0,
          3.91292694036666
        ],
        [
          100.0,
          3.9110079097975676
        ],
        [
          125.0,
          3.91084851808382
        ],
        [
          150.0,
          3.910840914202567
        ],
        [
          175.0,
          3.9108386387239724
        ],
        [
          200.0,
          3.9108368547955177
        ]
      ]
    },
    {
      "data_seed": 1,
      "K": 4,
      "init_seed": 0,
      "iters": 200,
      "learning_rate": 0.05,
      "gradient": "analytic",
      "exact_state_fidelity": 0.9592794792165901,
      "final_training_per_sample_nll": 3.905408898534084,
      "fit_wall_s": 16.461793682000007,
      "source_commit": "1e49e00a24cb1302de69f2577a064a701878a32e",
      "z_re": [
        1.132012924737661,
        0.006416462260925728,
        1.021259841186334,
        0.010645586259034846
      ],
      "z_im": [
        -0.9552063518500684,
        0.016437818170354543,
        -1.0562654282241328,
        0.002095737128869599
      ],
      "alpha_re": [
        [
          -1.5178543310572201,
          -1.521433047274026,
          -1.5196694823029409
        ],
        [
          -2.3459411355920277,
          -0.628411198030862,
          -0.15485226115964743
        ],
        [
          1.478618105921153,
          1.4736490696377025,
          1.4861845347956135
        ],
        [
          1.8172447070520834,
          1.5870797668927876,
          -0.35370068925464065
        ]
      ],
      "alpha_im": [
        [
          -0.01834711402579598,
          -0.035114500002952166,
          -0.03911527044094968
        ],
        [
          -0.6476845844661389,
          0.5650875232177095,
          0.8197120788860736
        ],
        [
          -0.024735324675439235,
          -0.03210464532230425,
          -0.03873275310199986
        ],
        [
          -0.1904944449559931,
          0.25081119633100163,
          1.637349559441177
        ]
      ],
      "trace_iter_nll": [
        [
          25.0,
          4.207158309103583
        ],
        [
          50.0,
          3.9157291822550104
        ],
        [
          75.0,
          3.907581014704132
        ],
        [
          100.0,
          3.905610737834895
        ],
        [
          125.0,
          3.905443508113808
        ],
        [
          150.0,
          3.9054263557122084
        ],
        [
          175.0,
          3.9054165809773167
        ],
        [
          200.0,
          3.905408898534084
        ]
      ]
    },
    {
      "data_seed": 2,
      "K": 4,
      "init_seed": 0,
      "iters": 200,
      "learning_rate": 0.05,
      "gradient": "analytic",
      "exact_state_fidelity": 0.956579328496798,
      "final_training_per_sample_nll": 3.910594255153497,
      "fit_wall_s": 17.136257843000067,
      "source_commit": "1e49e00a24cb1302de69f2577a064a701878a32e",
      "z_re": [
        1.1178450643261082,
        0.0046054152986890135,
        0.9876041254939467,
        0.004818220773869465
      ],
      "z_im": [
        -0.9843733387479744,
        0.002437515006897943,
        -1.125569802773157,
        0.0032823565816834255
      ],
      "alpha_re": [
        [
          -1.5196515212435706,
          -1.5127039212380349,
          -1.524197163302245
        ],
        [
          -2.3129004621919753,
          -0.6064833751035081,
          -0.020464748127509102
        ],
        [
          1.4772261335833488,
          1.48442271549954,
          1.4806639467134834
        ],
        [
          1.7994510094158802,
          1.5518213585932752,
          -0.37467143812986325
        ]
      ],
      "alpha_im": [
        [
          -0.021064477998303875,
          -0.0354867632887188,
          -0.03760369064483454
        ],
        [
          -0.8149466131085026,
          0.3733714567309635,
          0.9251799189570943
        ],
        [
          -0.01822596966174089,
          -0.027855229281401148,
          -0.04073450465602905
        ],
        [
          -0.23287119215037727,
          0.18049805484656772,
          1.6295603862624255
        ]
      ],
      "trace_iter_nll": [
        [
          25.0,
          4.208921689645321
        ],
        [
          50.0,
          3.9209666685698896
        ],
        [
          75.0,
          3.9127672086315033
        ],
        [
          100.0,
          3.910828668704547
        ],
        [
          125.0,
          3.9106435162046975
        ],
        [
          150.0,
          3.910617714130114
        ],
        [
          175.0,
          3.9106034545769464
        ],
        [
          200.0,
          3.910594255153497
        ]
      ]
    },
    {
      "data_seed": 42,
      "K": 8,
      "init_seed": 0,
      "iters": 200,
      "learning_rate": 0.05,
      "gradient": "analytic",
      "exact_state_fidelity": 0.9506887933317671,
      "final_training_per_sample_nll": 3.910812854670698,
      "fit_wall_s": 27.97768039599987,
      "source_commit": "1e49e00a24cb1302de69f2577a064a701878a32e",
      "z_re": [
        0.0010077403829804432,
        -0.0010801286329495507,
        0.8416382961523377,
        0.0032424112127734353,
        -0.002903350249755749,
        0.0016957757838267586,
        1.0264574823352157,
        0.0019703215497883604
      ],
      "z_im": [
        -0.0007679015508238142,
        -6.23462569226348e-05,
        -1.2089910557507826,
        0.00026025582780770366,
        -0.014355580331584473,
        -0.0007057808703033411,
        -1.0559150520246892,
        -0.002483370519896113
      ],