{
 "lossy_rescore": {
  "F": 0.9233583380002957,
  "eta": 0.35929204266766546,
  "pre_trace": 0.9835408561413486,
  "out_trace": 0.9773726227198573
 },
 "addendum_R8": {
  "F": 0.875906464068583,
  "ceiling": 0.9521001143970979,
  "wall_s": 80.46040920000087,
  "init": 2
 }
}