{
 "lossy_rescore": {
  "F": 0.9231854889390722,
  "eta": 0.35929204266766546,
  "pre_trace": 0.9835408561413486,
  "out_trace": 0.9773726227198573
 },
 "addendum_R8": {
  "F": 0.8751088132769679,
  "ceiling": 0.9512605588133447,
  "wall_s": 112.46480310000334,
  "init": 2
 }
}