{
 "primary": {
  "fits": {
   "R3K4": {
    "train": 1.6268813522286918,
    "test": 1.630085541333045,
    "eta": 0.8748842754476619,
    "dof": 69
   },
   "R4K4": {
    "train": 1.6267220077018203,
    "test": 1.6299296036916187,
    "eta": 0.941043255275535,
    "dof": 92
   },
   "R5K4": {
    "train": 1.626718523405675,
    "test": 1.629948111500704,
    "eta": 0.9221352748958201,
    "dof": 115
   },
   "R2K6": {
    "train": 1.6274972122519233,
    "test": 1.6306504629216372,
    "eta": 0.7007119837207348,
    "dof": 70
   }
  },
  "warm4": {
   "train": 1.6266876973533182,
   "test": 1.629937369448985,
   "eta": 0.9570300947120609
  },
  "warm5": {
   "train": 1.6266298151495167,
   "test": 1.6299036193243317,
   "eta": 0.9947582088449443
  },
  "mle_best": {
   "n_max": 16,
   "dof": 255,
   "test": 1.629838692906455
  },
  "mle_rows": [
   [
    4,
    15,
    1.6776444218879127
   ],
   [
    6,
    35,
    1.6353447408539583
   ],
   [
    8,
    63,
    1.6303624084897832
   ],
   [
    10,
    99,
    1.6299896677692245
   ],
   [
    12,
    143,
    1.6298839278996646
   ],
   [
    16,
    255,
    1.629838692906455
   ],
   [
    20,
    399,
    1.6298660497726887
   ],
   [
    25,
    624,
    1.6298591747286628
   ]
  ],
  "cis": {
   "r4_r3": [
    -0.00030807218614530864,
    -7.630101287439285e-06,
    -0.00015593764142647306
   ],
   "r5_r4": [
    -3.7806594193515575e-05,
    7.30847174526769e-05,
    1.8507809085615096e-05
   ],
   "r4_mle": [
    -1.8046357874321374e-05,
    0.00019604652582752948,
    9.091078516335982e-05
   ],
   "r5_mle": [
    1.4257984192439305e-05,
    0.00020727372217265258,
    0.0001094185942489749
   ],
   "warm4_mle": [
    -3.4340806416711295e-06,
    0.0001990118184790412,
    9.867654252987082e-05
   ],
   "warm5_mle": [
    -8.562865463800767e-07,
    0.00013566486817775944,
    6.492641787678483e-05
   ],
   "k_interplay": [
    -0.0009771637976509658,
    -0.00017919094699683568,
    -0.000564921588592244
   ]
  }
 },
 "alternate": {
  "fits": {
   "R3K4": {
    "train": 1.6276129468437208,
    "test": 1.6271656343664502,
    "eta": 0.8773448909430344,
    "dof": 69
   },
   "R4K4": {
    "train": 1.6274088084256835,
    "test": 1.627148300860147,
    "eta": 0.9436733921665564,
    "dof": 92
   }
  },
  "mle_best": {
   "n_max": 16,
   "dof": 255,
   "test": 1.6272171851872013
  },
  "cis": {
   "r4_r3": [
    -0.00017581510370007748,
    0.0001356138369721769,
    -1.7333506303301823e-05
   ],
   "r4_mle": [
    -0.00016675900530110381,
    2.7269914027297554e-05,
    -6.888432705441762e-05
   ]
  }
 }
}