{
  "phase": 4,
  "status": "pass",
  "heldout_accessed": false,
  "gsplat_commit": "77ab983ffe43420b2131669cb35776b883ca4c3c",
  "device": "NVIDIA GeForce RTX 5070",
  "scene": {
    "splats": 2,
    "views": 2,
    "width": 8,
    "height": 6,
    "parameter_block": [
      "mean_x",
      "mean_y",
      "mean_z",
      "log_scale_x",
      "log_scale_y",
      "log_scale_z"
    ],
    "fixed_parameters": [
      "quaternion",
      "opacity",
      "RGB color"
    ]
  },
  "exact_vs_candidate_relative_error_by_chunk": {
    "1": 6.944198993608097e-09,
    "7": 6.944198993608097e-09,
    "64": 6.944198993608097e-09
  },
  "parameterization_fisher_relative_error": 3.333215659040434e-07,
  "parameterization_score_relative_error": 4.400753255140444e-07,
  "damping": {
    "rule": "1e-6 * trace(full_GN) / parameter_count",
    "value_log_coordinates": 4.201357841491699e-06,
    "scale_coordinate_metric": "A^T A, A=d(log-scale params)/d(scale params)",
    "sweep": {
      "0.0001": {
        "min_max": [
          0.6269948482513428,
          8.682848930358887
        ]
      },
      "1e-06": {
        "min_max": [
          0.7945002317428589,
          13.002424240112305
        ]
      },
      "1e-08": {
        "min_max": [
          0.7982662916183472,
          13.09640884399414
        ]
      },
      "1e-10": {
        "min_max": [
          0.798304557800293,
          13.097358703613281
        ]
      }
    },
    "smallest_pair_relative_change": 7.252825162140653e-05
  },
  "map_summary": {
    "shape": [
      6,
      8
    ],
    "density_min_max": [
      0.05264788493514061,
      0.9015827178955078
    ],
    "block_score_min_max": [
      0.7945002317428589,
      13.002424240112305
    ],
    "gradient_norm_min_max": [
      0.47399383783340454,
      2.2341620922088623
    ],
    "diagonal_score_min_max": [
      0.5798035264015198,
      9.238676071166992
    ]
  },
  "maps": {
    "density_amplitude": [
      [
        0.14272662997245789,
        0.22765175998210907,
        0.2963956892490387,
        0.3311837613582611,
        0.33123302459716797,
        0.29254454374313354,
        0.21359223127365112,
        0.12039773166179657
      ],
      [
        0.3002512454986572,
        0.4769619107246399,
        0.6145720481872559,
        0.6726147532463074,
        0.6531734466552734,
        0.5605000257492065,
        0.40084144473075867,
        0.22315378487110138
      ],
      [
        0.39238181710243225,
        0.6251379251480103,
        0.8115389347076416,
        0.9015827178955078,
        0.8944955468177795,
        0.7839634418487549,
        0.5692856907844543,
        0.3198632001876831
      ],
      [
        0.3189227879047394,
        0.5144015550613403,
        0.6885912418365479,
        0.8108081221580505,
        0.8683421015739441,
        0.8150492906570435,
        0.6197329163551331,
        0.35753634572029114
      ],
      [
        0.16215738654136658,
        0.27035099267959595,
        0.39062434434890747,
        0.5212926864624023,
        0.6390088200569153,
        0.6629903316497803,
        0.534569263458252,
        0.31813815236091614
      ],
      [
        0.05264788493514061,
        0.09588976949453354,
        0.16416943073272705,
        0.2697698473930359,
        0.38954442739486694,
        0.4444206953048706,
        0.37588733434677124,
        0.22899176180362701
      ]
    ],
    "block_fisher_score": [
      [
        2.1952335834503174,
        3.433169364929199,
        4.179245471954346,
        4.202856063842773,
        4.2753119468688965,
        4.497831344604492,
        3.7880873680114746,
        2.2735543251037598
      ],
      [
        4.451834201812744,
        7.000342845916748,
        8.522629737854004,
        8.405479431152344,
        8.068586349487305,
        8.134500503540039,
        6.7609686851501465,
        4.034646987915039
      ],
      [
        5.739970684051514,
        9.052515029907227,
        11.060317039489746,
        11.0698823928833,
        11.090714454650879,
        11.553062438964844,
        9.685208320617676,
        5.782428741455078
      ],
      [
        4.649900913238525,
        7.339304447174072,
        9.068202018737793,
        9.743361473083496,
        11.435700416564941,
        13.002424240112305,
        11.133942604064941,
        6.67617654800415
      ],
      [
        2.3850319385528564,
        3.7725160121917725,
        4.883623123168945,
        6.482400894165039,
        9.664789199829102,
        11.859119415283203,
        10.316285133361816,
        6.2115325927734375
      ],
      [
        0.7945002317428589,
        1.2914865016937256,
        2.046329975128174,
        3.9685261249542236,
        6.9589338302612305,
        8.812376022338867,
        7.718530178070068,
        4.66330623626709
      ]
    ],
    "density_gradient_norm": [
      [
        0.98851078748703,
        1.3871732950210571,
        1.619214653968811,
        1.6185824871063232,
        1.4502079486846924,
        1.220607876777649,
        0.9802691340446472,
        0.6937062740325928
      ],
      [
        1.435886025428772,
        1.7541991472244263,
        1.9079253673553467,
        2.030627965927124,
        1.9979488849639893,
        1.7098721265792847,
        1.398215889930725,
        1.0683863162994385
      ],
      [
        1.5128310918807983,
        1.5241318941116333,
        1.4273512363433838,
        1.841377854347229,
        2.105970859527588,
        1.8398239612579346,
        1.602417230606079,
        1.3696566820144653
      ],
      [
        1.4606139659881592,
        1.7574083805084229,
        1.960909128189087,
        2.2341620922088623,
        2.184039831161499,
        1.7019330263137817,
        1.5715584754943848,
        1.4875925779342651
      ],
      [
        1.056859016418457,
        1.4901012182235718,
        1.8349436521530151,
        2.043872117996216,
        1.9067589044570923,
        1.4899884462356567,
        1.4611384868621826,
        1.3965075016021729
      ],
      [
        0.47399383783340454,
        0.7275667786598206,
        1.0024316310882568,
        1.2890015840530396,
        1.4081149101257324,
        1.3322551250457764,
        1.3101727962493896,
        1.1380165815353394
      ]
    ],
    "diagonal_fisher_score": [
      [
        1.5873159170150757,
        2.445000648498535,
        2.974456548690796,
        3.0362305641174316,
        3.075533866882324,
        3.145357370376587,
        2.637059211730957,
        1.6268688440322876
      ],
      [
        3.284442663192749,
        5.055466651916504,
        6.127692222595215,
        6.130692481994629,
        5.894530773162842,
        5.782907962799072,
        4.781293869018555,
        2.9389359951019287
      ],
      [
        4.274350166320801,
        6.581348896026611,
        7.999118804931641,
        8.126452445983887,
        8.135358810424805,
        8.247614860534668,
        6.895455837249756,
        4.2514328956604
      ],
      [
        3.462635040283203,
        5.342466831207275,
        6.58915901184082,
        7.202673435211182,
        8.347480773925781,
        9.238676071166992,
        7.923169136047363,
        4.917408466339111
      ],
      [
        1.7620900869369507,
        2.744032859802246,
        3.594654083251953,
        4.845218181610107,
        6.993109226226807,
        8.364775657653809,
        7.306008338928223,
        4.554699897766113
      ],
      [
        0.5798035264015198,
        0.9497561454772949,
        1.5690232515335083,
        2.9852685928344727,
        4.987644195556641,
        6.160429954528809,
        5.416224956512451,
        3.381758451461792
      ]
    ]
  },
  "acceptance": {
    "relative_error_tolerance": 2e-05,
    "all_chunk_sizes_match_exact": true,
    "coordinate_aware_parameterization_invariant": true,
    "damping_1e-8_to_1e-10_converged": true
  },